{"eval_loss": 1.0955052375793457, "eval_accuracy": 0.3667316436767578, "eval_runtime": 915.5984, "eval_samples_per_second": 15.686, "eval_steps_per_second": 1.962}